Code,Region,Income,Country_Name,1980,1981,1982,1983,1984,1985,1986,1987,1988,1989,1990,1991,1992,1993,1994,1995,1996,1997,1998,1999,2000,2001,2002,2003,2004,2005,2006,2007,2008,2009,2010,2011,2012,2013,2014,2015,2016,2017,2018,2019,2020
AFG,South Asia,Low income,Afghanistan,7.449,7.449,7.45,7.452,7.455,7.458,7.46,7.461,7.461,7.461,7.466,7.479,7.502,7.535,7.572,7.606,7.629,7.632,7.61,7.561,7.485,7.387,7.272,7.148,7.016,6.875,6.722,6.555,6.373,6.18,5.977,5.77,5.562,5.359,5.163,4.976,4.8,4.633,4.473,4.321,
ALB,Europe & Central Asia,Upper middle income,Albania,3.621,3.53,3.452,3.383,3.323,3.269,3.217,3.164,3.108,3.046,2.978,2.905,2.829,2.751,2.672,2.591,2.507,2.422,2.334,2.246,2.157,2.068,1.981,1.897,1.821,1.755,1.704,1.671,1.654,1.652,1.66,1.673,1.684,1.69,1.688,1.677,1.659,1.638,1.617,1.597,
DZA,Middle East & North Africa,Upper middle income,Algeria,6.794,6.617,6.43,6.237,6.038,5.835,5.627,5.412,5.191,4.962,4.726,4.479,4.223,3.962,3.702,3.448,3.208,2.988,2.796,2.635,2.514,2.438,2.403,2.405,2.438,2.496,2.569,2.649,2.728,2.799,2.86,2.909,2.952,2.99,3.022,3.043,3.052,3.045,3.023,2.988,
ASM,East Asia & Pacific,Upper middle income,American Samoa,,,,,,,,,,,,,,,,,,,,,,,,,,,,,,,,,,,,,,,,,
AND,Europe & Central Asia,High income,Andorra,,,,,,,,,,,,,,,,,,,,,,,,,,,1.24,1.18,1.25,1.19,1.27,,,,,,,,,,
AGO,Sub-Saharan Africa,Upper middle income,Angola,7.459,7.459,7.461,7.462,7.459,7.451,7.435,7.409,7.373,7.328,7.272,7.208,7.138,7.065,6.99,6.918,6.851,6.789,6.732,6.683,6.639,6.601,6.567,6.533,6.499,6.461,6.419,6.372,6.32,6.26,6.194,6.12,6.039,5.953,5.864,5.774,5.686,5.6,5.519,5.442,
ATG,Latin America & Caribbean,High income,Antigua and Barbuda,2.118,2.101,2.098,2.099,2.098,2.093,2.083,2.073,2.067,2.064,2.067,2.075,2.088,2.107,2.128,2.15,2.17,2.187,2.199,2.203,2.2,2.187,2.166,2.14,2.109,2.077,2.048,2.023,2.005,1.993,1.988,1.989,1.993,1.998,2.001,2.003,2.003,1.999,1.994,1.987,
ARG,Latin America & Caribbean,Upper middle income,Argentina,3.301,3.253,3.204,3.159,3.123,3.095,3.075,3.059,3.042,3.022,2.997,2.965,2.925,2.879,2.828,2.773,2.718,2.666,2.618,2.577,2.542,2.512,2.486,2.461,2.438,2.416,2.397,2.38,2.366,2.355,2.346,2.338,2.33,2.322,2.312,2.301,2.288,2.275,2.261,2.247,
ARM,Europe & Central Asia,Lower middle income,Armenia,2.51,2.499,2.503,2.517,2.538,2.559,2.578,2.591,2.592,2.578,2.544,2.484,2.4,2.297,2.179,2.056,1.938,1.832,1.747,1.685,1.648,1.634,1.635,1.645,1.659,1.675,1.69,1.702,1.712,1.719,1.722,1.724,1.725,1.728,1.732,1.738,1.744,1.75,1.755,1.758,
ABW,Latin America & Caribbean,High income,Aruba,2.392,2.377,2.364,2.353,2.342,2.332,2.32,2.307,2.291,2.272,2.249,2.221,2.187,2.149,2.108,2.064,2.021,1.978,1.939,1.903,1.872,1.846,1.823,1.803,1.787,1.774,1.765,1.76,1.759,1.761,1.768,1.779,1.795,1.813,1.834,1.854,1.872,1.886,1.896,1.901,
AUS,East Asia & Pacific,High income,Australia,1.891,1.935,1.929,1.924,1.84,1.923,1.868,1.845,1.831,1.838,1.902,1.849,1.888,1.859,1.842,1.822,1.796,1.778,1.762,1.755,1.756,1.739,1.756,1.748,1.768,1.807,1.908,1.959,1.984,1.971,1.928,1.926,1.92,1.855,1.826,1.814,1.752,1.741,1.74,1.657,
AUT,Europe & Central Asia,High income,Austria,1.65,1.67,1.66,1.56,1.52,1.47,1.45,1.43,1.45,1.45,1.46,1.51,1.51,1.5,1.47,1.42,1.45,1.39,1.37,1.34,1.36,1.33,1.39,1.38,1.42,1.41,1.41,1.38,1.42,1.39,1.44,1.43,1.44,1.44,1.46,1.49,1.53,1.52,1.47,1.46,
AZE,Europe & Central Asia,Upper middle income,Azerbaijan,3.497,3.41,3.343,3.293,3.259,2.91,2.9,2.9026,2.8,2.8,2.74,2.87,2.74,2.7,2.52,2.29,2.06,2.07,2,2.07,2,1.8,1.8,1.9,2.0535,2,1.97,1.97,1.9,1.82,1.92,1.96,2,1.98,1.97,1.94,1.9,1.75,1.73,1.8,
BHS,Latin America & Caribbean,High income,"Bahamas, The",2.986,2.992,2.988,2.964,2.919,2.857,2.789,2.729,2.683,2.655,2.64,2.633,2.623,2.602,2.568,2.515,2.444,2.358,2.264,2.166,2.073,1.993,1.931,1.889,1.867,1.863,1.869,1.877,1.881,1.877,1.865,1.847,1.828,1.81,1.794,1.782,1.771,1.762,1.752,1.743,
BHR,Middle East & North Africa,High income,Bahrain,4.916,4.8,4.688,4.578,4.47,4.36,4.245,4.124,3.997,3.866,3.732,3.599,3.471,3.352,3.244,3.147,3.062,2.987,2.919,2.856,2.795,2.731,2.663,2.59,2.514,2.436,2.363,2.297,2.241,2.197,2.164,2.139,2.118,2.098,2.078,2.056,2.033,2.01,1.987,1.964,
BGD,South Asia,Lower middle income,Bangladesh,6.359,6.217,6.058,5.884,5.698,5.501,5.298,5.092,4.887,4.686,4.495,4.315,4.146,3.99,3.846,3.713,3.591,3.478,3.371,3.269,3.169,3.07,2.973,2.876,2.782,2.691,2.604,2.523,2.449,2.382,2.324,2.273,2.228,2.188,2.152,2.12,2.09,2.062,2.036,2.011,
BRB,Latin America & Caribbean,High income,Barbados,2.004,1.96,1.922,1.889,1.858,1.83,1.805,1.782,1.765,1.75,1.74,1.733,1.728,1.725,1.725,1.727,1.732,1.74,1.75,1.762,1.775,1.785,1.793,1.797,1.795,1.788,1.775,1.757,1.735,1.711,1.687,1.665,1.645,1.63,1.62,1.614,1.613,1.615,1.619,1.623,
BLR,Europe & Central Asia,Upper middle income,Belarus,2.03,2.02,2.05,2.11,2.11,2.09,2.09,2.03,2.031,2.026,1.913,1.805,1.764,1.623,1.533,1.406,1.335,1.25,1.3,1.31,1.317,1.286,1.24,1.232,1.233,1.252,1.335,1.429,1.488,1.509,1.494,1.515,1.62,1.668,1.696,1.724,1.733,1.541,1.448,1.382,
BEL,Europe & Central Asia,High income,Belgium,1.68,1.66,1.61,1.57,1.54,1.51,1.54,1.54,1.57,1.58,1.62,1.66,1.65,1.61,1.56,1.56,1.59,1.6,1.6,1.62,1.67,1.67,1.65,1.67,1.72,1.76,1.8,1.82,1.85,1.84,1.86,1.81,1.8,1.76,1.74,1.7,1.68,1.65,1.62,1.57,
BLZ,Latin America & Caribbean,Upper middle income,Belize,5.849,5.684,5.51,5.336,5.17,5.019,4.886,4.771,4.671,4.584,4.508,4.436,4.363,4.286,4.201,4.109,4.01,3.908,3.805,3.703,3.601,3.497,3.392,3.286,3.18,3.077,2.98,2.893,2.816,2.749,2.69,2.638,2.588,2.539,2.489,2.439,2.391,2.346,2.307,2.274,
BEN,Sub-Saharan Africa,Low income,Benin,7.025,7.025,7.021,7.01,6.994,6.972,6.942,6.904,6.858,6.805,6.744,6.677,6.603,6.526,6.446,6.364,6.282,6.199,6.118,6.038,5.962,5.889,5.82,5.754,5.691,5.632,5.576,5.522,5.469,5.416,5.362,5.305,5.246,5.183,5.116,5.047,4.977,4.906,4.836,4.767,
BMU,North America,High income,Bermuda,,,,,,,,,,,,,,,,1.8,,,,,1.74,1.75,1.77,1.8,1.78,1.76,1.76,1.76,1.77,1.76,1.76,1.59,1.59,1.63,1.63,1.62,1.61,1.6,1.6,1.59,
BTN,South Asia,Lower middle income,Bhutan,6.511,6.46,6.402,6.336,6.262,6.176,6.075,5.956,5.819,5.664,5.493,5.306,5.11,4.909,4.704,4.5,4.297,4.095,3.895,3.701,3.515,3.342,3.183,3.037,2.906,2.788,2.679,2.577,2.48,2.387,2.301,2.224,2.159,2.107,2.067,2.037,2.014,1.994,1.975,1.954,
BOL,Latin America & Caribbean,Lower middle income,Bolivia,5.474,5.408,5.346,5.289,5.238,5.189,5.139,5.087,5.028,4.963,4.89,4.81,4.726,4.64,4.553,4.466,4.381,4.297,4.214,4.133,4.051,3.969,3.885,3.798,3.71,3.621,3.533,3.447,3.364,3.287,3.213,3.143,3.076,3.01,2.947,2.886,2.829,2.777,2.73,2.688,
BIH,Europe & Central Asia,Upper middle income,Bosnia and Herzegovina,2.122,2.075,2.034,1.998,1.964,1.932,1.9,1.868,1.835,1.803,1.772,1.748,1.73,1.72,1.713,1.706,1.69,1.662,1.619,1.562,1.497,1.432,1.374,1.33,1.301,1.288,1.288,1.295,1.303,1.311,1.315,1.315,1.313,1.309,1.303,1.296,1.286,1.276,1.265,1.254,
BWA,Sub-Saharan Africa,Upper middle income,Botswana,6.214,6.115,5.988,5.833,5.652,5.454,5.245,5.037,4.839,4.654,4.485,4.33,4.183,4.041,3.904,3.774,3.654,3.546,3.452,3.371,3.304,3.248,3.2,3.159,3.122,3.091,3.066,3.047,3.034,3.026,3.022,3.017,3.011,3.002,2.988,2.968,2.942,2.91,2.874,2.836,
BRA,Latin America & Caribbean,Upper middle income,Brazil,4.037,3.943,3.838,3.723,3.6,3.471,3.342,3.217,3.101,2.995,2.902,2.822,2.754,2.693,2.639,2.588,2.536,2.483,2.426,2.365,2.3,2.232,2.163,2.097,2.033,1.976,1.925,1.882,1.847,1.818,1.796,1.781,1.771,1.764,1.758,1.753,1.747,1.739,1.73,1.719,
VGB,Latin America & Caribbean,High income,British Virgin Islands,,,,,,,,,,,,,,,,,,,,,,,,,,,,,,,,,,,,,,,,,
BRN,East Asia & Pacific,High income,Brunei Darussalam,4.067,3.943,3.84,3.751,3.675,3.608,3.546,3.488,3.428,3.363,3.29,3.206,3.111,3.007,2.897,2.785,2.677,2.578,2.489,2.413,2.346,2.284,2.22,2.154,2.086,2.022,1.969,1.933,1.918,1.921,1.937,1.957,1.973,1.978,1.969,1.947,1.915,1.881,1.848,1.819,
BGR,Europe & Central Asia,Upper middle income,Bulgaria,2.05,2,2.01,2.01,2.01,1.97,2.02,1.96,1.97,1.9,1.82,1.66,1.55,1.46,1.37,1.23,1.23,1.09,1.11,1.23,1.26,1.21,1.23,1.26,1.33,1.37,1.44,1.49,1.56,1.66,1.57,1.51,1.5,1.48,1.53,1.53,1.54,1.56,1.56,1.58,
BFA,Sub-Saharan Africa,Low income,Burkina Faso,7.127,7.152,7.165,7.167,7.159,7.142,7.119,7.092,7.064,7.036,7.007,6.979,6.95,6.917,6.882,6.844,6.801,6.754,6.704,6.65,6.592,6.531,6.468,6.403,6.335,6.265,6.192,6.116,6.036,5.953,5.867,5.781,5.693,5.606,5.521,5.436,5.353,5.271,5.189,5.109,
BDI,Sub-Saharan Africa,Low income,Burundi,7.395,7.396,7.399,7.407,7.418,7.432,7.443,7.448,7.444,7.43,7.405,7.371,7.329,7.284,7.235,7.185,7.135,7.083,7.03,6.976,6.92,6.862,6.801,6.736,6.666,6.593,6.515,6.435,6.352,6.267,6.179,6.088,5.994,5.897,5.797,5.697,5.599,5.502,5.41,5.321,
CPV,Sub-Saharan Africa,Lower middle income,Cabo Verde,6.375,6.273,6.17,6.068,5.97,5.875,5.784,5.695,5.603,5.504,5.392,5.259,5.102,4.921,4.72,4.505,4.287,4.074,3.876,3.697,3.539,3.399,3.271,3.151,3.038,2.933,2.839,2.757,2.687,2.629,2.581,2.539,2.5,2.463,2.425,2.385,2.346,2.309,2.274,2.242,
KHM,East Asia & Pacific,Lower middle income,Cambodia,5.87,6.042,6.193,6.296,6.338,6.313,6.226,6.097,5.944,5.777,5.601,5.421,5.237,5.052,4.867,4.685,4.504,4.325,4.146,3.971,3.805,3.654,3.521,3.406,3.309,3.227,3.155,3.086,3.018,2.947,2.875,2.804,2.739,2.682,2.633,2.593,2.559,2.53,2.503,2.478,
CMR,Sub-Saharan Africa,Lower middle income,Cameroon,6.625,6.661,6.688,6.704,6.707,6.695,6.667,6.626,6.573,6.509,6.436,6.354,6.264,6.17,6.073,5.978,5.886,5.799,5.718,5.645,5.58,5.524,5.475,5.431,5.39,5.35,5.309,5.266,5.219,5.167,5.111,5.049,4.984,4.916,4.847,4.777,4.708,4.639,4.572,4.506,
CAN,North America,High income,Canada,1.74,1.7,1.69,1.68,1.65,1.67,1.675,1.68,1.68,1.77,1.83,1.7,1.71,1.7,1.6695,1.639,1.592,1.55,1.53,1.51,1.488,1.5104,1.5014,1.5251,1.5258,1.5434,1.5862,1.6589,1.6808,1.668,1.6269,1.61,1.6142,1.587,1.5818,1.563,1.5433,1.4961,1.4988,1.4684,
CYM,Latin America & Caribbean,High income,Cayman Islands,,,,,,,,,,,,,,,,,,,,,,,,,,,,,,,,,,,,,,,,,
CAF,Sub-Saharan Africa,Low income,Central African Republic,5.897,5.899,5.904,5.909,5.914,5.915,5.91,5.897,5.876,5.847,5.811,5.771,5.729,5.689,5.652,5.618,5.589,5.564,5.541,5.52,5.5,5.48,5.459,5.436,5.411,5.383,5.353,5.322,5.289,5.254,5.215,5.172,5.123,5.068,5.007,4.941,4.87,4.796,4.721,4.645,
TCD,Sub-Saharan Africa,Low income,Chad,6.958,6.99,7.023,7.056,7.089,7.124,7.161,7.199,7.238,7.276,7.313,7.346,7.376,7.399,7.416,7.425,7.426,7.419,7.405,7.384,7.354,7.315,7.268,7.212,7.147,7.074,6.992,6.901,6.803,6.699,6.592,6.482,6.372,6.262,6.154,6.049,5.947,5.846,5.747,5.649,
CHI,Europe & Central Asia,High income,Channel Islands,1.454,1.44,1.433,1.429,1.429,1.432,1.437,1.444,1.455,1.468,1.483,1.499,1.518,1.536,1.554,1.567,1.573,1.572,1.562,1.546,1.526,1.508,1.496,1.492,1.496,1.509,1.527,1.547,1.564,1.578,1.585,1.586,1.58,1.569,1.556,1.541,1.527,1.516,1.51,1.509,
CHL,Latin America & Caribbean,High income,Chile,2.744,2.689,2.648,2.619,2.601,2.592,2.589,2.59,2.591,2.589,2.579,2.558,2.526,2.484,2.432,2.372,2.306,2.238,2.172,2.11,2.055,2.009,1.972,1.943,1.923,1.909,1.901,1.898,1.895,1.892,1.884,1.87,1.849,1.821,1.787,1.75,1.713,1.678,1.649,1.627,
CHN,East Asia & Pacific,Upper middle income,China,2.613,2.547,2.536,2.561,2.607,2.65,2.666,2.643,2.575,2.46,2.309,2.14,1.977,1.838,1.731,1.66,1.622,1.605,1.597,1.595,1.596,1.597,1.6,1.604,1.608,1.612,1.615,1.617,1.62,1.623,1.627,1.632,1.639,1.647,1.656,1.665,1.675,1.683,1.69,1.696,
COL,Latin America & Caribbean,Upper middle income,Colombia,3.856,3.743,3.632,3.527,3.43,3.343,3.269,3.208,3.158,3.117,3.082,3.047,3.01,2.968,2.918,2.862,2.802,2.742,2.683,2.627,2.572,2.516,2.458,2.395,2.33,2.263,2.198,2.137,2.081,2.033,1.992,1.958,1.93,1.905,1.883,1.863,1.843,1.825,1.807,1.789,
COM,Sub-Saharan Africa,Low income,Comoros,7.078,7.072,7.056,7.026,6.982,6.921,6.842,6.749,6.644,6.531,6.412,6.291,6.171,6.053,5.941,5.835,5.736,5.642,5.552,5.466,5.384,5.307,5.235,5.167,5.103,5.042,4.984,4.927,4.87,4.813,4.754,4.693,4.628,4.561,4.491,4.419,4.347,4.275,4.205,4.138,
COD,Sub-Saharan Africa,Low income,"Congo, Dem. Rep.",6.535,6.562,6.587,6.612,6.636,6.658,6.679,6.699,6.717,6.733,6.746,6.758,6.767,6.773,6.777,6.779,6.777,6.774,6.768,6.76,6.751,6.74,6.73,6.718,6.705,6.69,6.671,6.649,6.621,6.587,6.544,6.493,6.432,6.363,6.287,6.203,6.112,6.017,5.919,5.819,
COG,Sub-Saharan Africa,Lower middle income,"Congo, Rep.",6.059,5.964,5.86,5.752,5.644,5.539,5.44,5.347,5.262,5.185,5.119,5.064,5.019,4.982,4.953,4.93,4.913,4.9,4.889,4.88,4.871,4.862,4.854,4.846,4.838,4.829,4.82,4.81,4.798,4.784,4.765,4.742,4.712,4.676,4.634,4.587,4.536,4.482,4.428,4.374,
CRI,Latin America & Caribbean,Upper middle income,Costa Rica,3.581,3.548,3.521,3.5,3.482,3.464,3.441,3.412,3.373,3.324,3.264,3.193,3.114,3.029,2.941,2.85,2.755,2.657,2.558,2.459,2.363,2.275,2.195,2.124,2.065,2.016,1.978,1.948,1.923,1.903,1.885,1.869,1.853,1.838,1.823,1.806,1.789,1.772,1.754,1.737,
CIV,Sub-Saharan Africa,Lower middle income,Cote d'Ivoire,7.59,7.488,7.383,7.278,7.176,7.078,6.984,6.892,6.801,6.71,6.622,6.536,6.454,6.374,6.298,6.225,6.154,6.084,6.014,5.943,5.87,5.793,5.713,5.63,5.545,5.46,5.376,5.296,5.221,5.152,5.088,5.029,4.974,4.92,4.867,4.813,4.759,4.704,4.649,4.593,
HRV,Europe & Central Asia,High income,Croatia,1.888,1.879,1.9,1.88,1.87,1.82,1.76,1.64,1.79,1.63,1.63,1.53,1.48,1.52,1.47,1.58,1.67,1.69,1.45,1.38,1.39,1.46,1.42,1.41,1.43,1.5,1.47,1.48,1.47,1.5,1.46,1.41,1.52,1.46,1.46,1.41,1.43,1.42,1.47,1.47,
CUB,Latin America & Caribbean,Upper middle income,Cuba,1.896,1.848,1.831,1.831,1.838,1.843,1.839,1.823,1.797,1.759,1.714,1.668,1.628,1.6,1.584,1.58,1.585,1.593,1.6,1.603,1.603,1.598,1.59,1.583,1.576,1.573,1.576,1.586,1.602,1.624,1.647,1.668,1.683,1.689,1.686,1.674,1.656,1.637,1.618,1.602,
CUW,Latin America & Caribbean,High income,Curacao,,,,,,,,,,,,,,,,,,,,,,,,,,,2.1,2,2.2,2.1,2.2,2.1,2.2,2.1,2,1.9,1.7,1.5,1.7,1.6,
CYP,Europe & Central Asia,High income,Cyprus,2.354,2.385,2.415,2.438,2.453,2.458,2.456,2.45,2.442,2.43,2.411,2.381,2.337,2.278,2.206,2.124,2.036,1.946,1.861,1.783,1.716,1.66,1.614,1.576,1.545,1.52,1.498,1.479,1.461,1.443,1.424,1.406,1.39,1.376,1.364,1.354,1.345,1.337,1.329,1.321,
CZE,Europe & Central Asia,High income,Czech Republic,2.08,2,2,1.97,1.97,1.95,1.92,1.91,1.94,1.87,1.9,1.86,1.71,1.67,1.44,1.28,1.18,1.17,1.16,1.13,1.15,1.15,1.17,1.18,1.23,1.29,1.34,1.45,1.51,1.51,1.51,1.43,1.45,1.46,1.53,1.57,1.63,1.69,1.71,1.71,
DNK,Europe & Central Asia,High income,Denmark,1.55,1.44,1.43,1.38,1.4,1.45,1.48,1.5,1.56,1.62,1.67,1.68,1.76,1.75,1.81,1.8,1.75,1.75,1.72,1.73,1.77,1.74,1.72,1.76,1.78,1.8,1.85,1.84,1.89,1.84,1.87,1.75,1.73,1.67,1.69,1.71,1.79,1.75,1.73,1.7,
DJI,Middle East & North Africa,Lower middle income,Djibouti,6.554,6.513,6.471,6.426,6.378,6.328,6.28,6.234,6.188,6.137,6.073,5.986,5.869,5.721,5.546,5.352,5.152,4.958,4.78,4.622,4.484,4.359,4.24,4.118,3.994,3.867,3.739,3.617,3.502,3.397,3.3,3.213,3.131,3.054,2.981,2.912,2.846,2.785,2.728,2.676,
DMA,Latin America & Caribbean,Upper middle income,Dominica,,,3.52,,,,,3,,,,,2.5,,,,,1.9,,,,,1.9,1.9,,,,,,,,,,,,,,,,,
DOM,Latin America & Caribbean,Upper middle income,Dominican Republic,4.381,4.247,4.122,4.005,3.896,3.795,3.703,3.62,3.544,3.475,3.411,3.349,3.287,3.226,3.163,3.101,3.04,2.983,2.93,2.882,2.839,2.799,2.762,2.725,2.689,2.653,2.619,2.586,2.556,2.528,2.503,2.481,2.46,2.441,2.423,2.405,2.387,2.367,2.346,2.323,
ECU,Latin America & Caribbean,Upper middle income,Ecuador,4.73,4.612,4.501,4.395,4.293,4.195,4.1,4.007,3.917,3.829,3.744,3.665,3.591,3.524,3.461,3.403,3.345,3.288,3.228,3.166,3.102,3.037,2.972,2.911,2.853,2.8,2.753,2.711,2.675,2.643,2.615,2.59,2.567,2.544,2.522,2.499,2.475,2.451,2.427,2.403,
EGY,Middle East & North Africa,Lower middle income,"Egypt, Arab Rep.",5.61,5.567,5.516,5.456,5.383,5.293,5.182,5.052,4.906,4.747,4.58,4.413,4.253,4.103,3.967,3.844,3.733,3.629,3.529,3.432,3.34,3.253,3.173,3.106,3.052,3.019,3.013,3.037,3.085,3.154,3.233,3.311,3.377,3.421,3.441,3.436,3.41,3.37,3.326,3.28,
SLV,Latin America & Caribbean,Lower middle income,El Salvador,5.1,4.96,4.82,4.684,4.554,4.433,4.322,4.221,4.129,4.043,3.964,3.889,3.815,3.74,3.662,3.577,3.482,3.377,3.263,3.144,3.022,2.903,2.792,2.691,2.604,2.529,2.465,2.41,2.358,2.31,2.265,2.224,2.187,2.154,2.126,2.101,2.079,2.059,2.039,2.021,
GNQ,Sub-Saharan Africa,Upper middle income,Equatorial Guinea,5.835,5.856,5.88,5.903,5.926,5.946,5.962,5.974,5.982,5.986,5.987,5.985,5.984,5.981,5.978,5.971,5.96,5.941,5.914,5.878,5.834,5.785,5.731,5.675,5.618,5.559,5.498,5.433,5.363,5.288,5.209,5.126,5.04,4.952,4.863,4.774,4.686,4.599,4.513,4.429,
ERI,Sub-Saharan Africa,Low income,Eritrea,6.668,6.683,6.693,6.697,6.693,6.68,6.659,6.631,6.596,6.552,6.496,6.423,6.332,6.223,6.1,5.965,5.825,5.686,5.553,5.43,5.321,5.227,5.145,5.073,5.007,4.945,4.881,4.812,4.737,4.656,4.571,4.486,4.407,4.335,4.273,4.217,4.164,4.112,4.056,3.997,
EST,Europe & Central Asia,High income,Estonia,2.02,2.07,2.07,2.16,2.17,2.13,2.18,2.27,2.27,2.22,2.05,1.8,1.71,1.49,1.42,1.38,1.37,1.32,1.28,1.3,1.36,1.32,1.36,1.37,1.47,1.52,1.58,1.69,1.72,1.7,1.72,1.61,1.56,1.52,1.54,1.58,1.6,1.59,1.67,1.66,
ETH,Sub-Saharan Africa,Low income,Ethiopia,7.316,7.36,7.397,7.424,7.437,7.435,7.418,7.387,7.347,7.298,7.246,7.193,7.141,7.092,7.043,6.991,6.931,6.858,6.769,6.664,6.543,6.407,6.262,6.112,5.961,5.812,5.667,5.526,5.39,5.26,5.136,5.017,4.901,4.787,4.675,4.565,4.456,4.35,4.247,4.146,
FRO,Europe & Central Asia,High income,Faroe Islands,2.5,2.5,2.3,2.2,2.2,2.3,2.4,2.4,2.6,2.7,2.8,2.6,2.5,2.5,2.4,2.5,2.6,2.5,2.3,2.3,2.6,2.3,2.6,2.5,2.6,2.6,2.5,2.6,2.6,2.4,2.5,2.3,2.6,2.5,2.6,2.4,2.6,2.5,2.5,2.4,
FJI,East Asia & Pacific,Upper middle income,Fiji,3.907,3.864,3.813,3.755,3.693,3.629,3.568,3.512,3.465,3.427,3.398,3.374,3.352,3.33,3.305,3.276,3.244,3.209,3.171,3.132,3.09,3.044,2.995,2.944,2.893,2.846,2.807,2.777,2.758,2.75,2.752,2.761,2.773,2.786,2.795,2.8,2.797,2.788,2.774,2.754,
FIN,Europe & Central Asia,High income,Finland,1.63,1.64,1.71,1.74,1.69,1.64,1.6,1.59,1.69,1.71,1.78,1.79,1.85,1.81,1.85,1.81,1.78,1.75,1.7,1.73,1.73,1.73,1.72,1.76,1.8,1.8,1.84,1.83,1.85,1.86,1.87,1.83,1.8,1.75,1.71,1.65,1.57,1.49,1.41,1.35,
FRA,Europe & Central Asia,High income,France,1.85,1.85,1.86,1.86,1.86,1.86,1.85,1.83,1.81,1.79,1.77,1.75,1.74,1.73,1.73,1.74,1.75,1.77,1.78,1.81,1.89,1.9,1.88,1.89,1.92,1.94,2,1.98,2.01,2,2.03,2.01,2.01,1.99,2,1.96,1.92,1.9,1.88,1.87,
PYF,East Asia & Pacific,High income,French Polynesia,3.989,3.916,3.858,3.812,3.774,3.738,3.697,3.645,3.579,3.498,3.401,3.291,3.175,3.059,2.946,2.841,2.745,2.66,2.585,2.52,2.463,2.415,2.371,2.331,2.291,2.254,2.217,2.183,2.151,2.121,2.095,2.07,2.048,2.027,2.008,1.99,1.973,1.956,1.941,1.927,
GAB,Sub-Saharan Africa,Upper middle income,Gabon,5.684,5.709,5.721,5.721,5.709,5.686,5.653,5.611,5.562,5.505,5.442,5.371,5.292,5.205,5.113,5.016,4.916,4.815,4.716,4.62,4.533,4.455,4.388,4.332,4.286,4.251,4.223,4.201,4.182,4.164,4.146,4.129,4.113,4.098,4.083,4.064,4.039,4.008,3.969,3.922,
GMB,Sub-Saharan Africa,Low income,"Gambia, The",6.376,6.354,6.324,6.292,6.258,6.226,6.196,6.168,6.142,6.118,6.096,6.077,6.059,6.041,6.023,6.004,5.983,5.96,5.935,5.908,5.879,5.849,5.818,5.787,5.756,5.725,5.696,5.668,5.64,5.612,5.583,5.552,5.518,5.48,5.437,5.39,5.338,5.281,5.219,5.154,
GEO,Europe & Central Asia,Upper middle income,Georgia,2.314,2.296,2.284,2.277,2.275,2.273,2.269,2.26,2.243,2.217,2.18,2.132,2.076,2.013,1.946,1.879,1.812,1.749,1.692,1.643,1.608,1.589,1.586,1.599,1.625,1.664,1.711,1.763,1.816,1.866,1.911,1.95,1.984,2.012,2.034,2.05,2.059,2.062,2.06,2.055,
DEU,Europe & Central Asia,High income,Germany,1.44,1.43,1.41,1.33,1.29,1.37,1.43,1.43,1.46,1.42,1.45,1.33,1.29,1.28,1.24,1.25,1.3,1.35,1.36,1.36,1.38,1.35,1.34,1.34,1.36,1.34,1.33,1.37,1.38,1.36,1.39,1.39,1.41,1.42,1.47,1.5,1.6,1.57,1.57,1.54,
GHA,Sub-Saharan Africa,Lower middle income,Ghana,6.539,6.468,6.392,6.31,6.223,6.131,6.032,5.928,5.82,5.71,5.602,5.499,5.403,5.317,5.239,5.168,5.102,5.036,4.969,4.899,4.826,4.753,4.681,4.612,4.548,4.49,4.438,4.392,4.35,4.311,4.273,4.234,4.192,4.146,4.095,4.041,3.984,3.926,3.87,3.816,
GIB,Europe & Central Asia,High income,Gibraltar,,,,,,,,,,,,,,,,,,,,,,,,,,,,,,,,,,,,,,,,,
GRC,Europe & Central Asia,High income,Greece,2.23,2.09,2.03,1.94,1.83,1.67,1.6,1.5,1.5,1.4,1.39,1.37,1.36,1.32,1.33,1.28,1.26,1.27,1.24,1.23,1.25,1.25,1.28,1.29,1.31,1.34,1.4,1.41,1.5,1.5,1.48,1.4,1.34,1.29,1.3,1.33,1.38,1.35,1.35,1.35,
GRL,Europe & Central Asia,High income,Greenland,2.435,2.332,2.236,2.054,2.107,2.241,2.044,2.083,2.317,2.299,2.444,2.421,2.607,2.578,2.527,2.512,2.493,2.69,2.457,2.415,2.329,2.51,2.566,2.372,2.415,2.377,2.256,2.299,2.247,2.359,2.195,2.117,2.019,2.077,2.037,2.01,2,2.09,2,2.08,
GRD,Latin America & Caribbean,Upper middle income,Grenada,4.251,4.244,4.243,4.245,4.243,4.231,4.2,4.146,4.068,3.966,3.842,3.701,3.551,3.401,3.254,3.116,2.988,2.87,2.762,2.666,2.582,2.512,2.455,2.409,2.373,2.344,2.321,2.301,2.282,2.262,2.24,2.217,2.194,2.171,2.148,2.126,2.104,2.083,2.063,2.042,
GUM,East Asia & Pacific,High income,Guam,3.248,3.177,3.128,3.1,3.092,3.095,3.099,3.097,3.082,3.053,3.013,2.969,2.929,2.899,2.881,2.872,2.87,2.867,2.86,2.846,2.824,2.794,2.758,2.718,2.677,2.636,2.598,2.564,2.534,2.509,2.488,2.469,2.45,2.429,2.406,2.383,2.358,2.334,2.313,2.293,
GTM,Latin America & Caribbean,Lower middle income,Guatemala,6.342,6.271,6.185,6.086,5.977,5.865,5.757,5.658,5.572,5.5,5.437,5.38,5.32,5.252,5.174,5.087,4.993,4.895,4.797,4.699,4.598,4.49,4.372,4.245,4.11,3.971,3.833,3.701,3.58,3.471,3.375,3.292,3.219,3.151,3.088,3.029,2.973,2.92,2.87,2.822,
GIN,Sub-Saharan Africa,Low income,Guinea,6.529,6.557,6.581,6.602,6.619,6.631,6.637,6.637,6.631,6.618,6.598,6.57,6.535,6.493,6.444,6.391,6.334,6.273,6.211,6.147,6.082,6.015,5.947,5.877,5.804,5.729,5.653,5.575,5.496,5.417,5.336,5.256,5.175,5.094,5.013,4.933,4.854,4.777,4.7,4.625,
GNB,Sub-Saharan Africa,Low income,Guinea-Bissau,6.487,6.569,6.64,6.694,6.727,6.739,6.734,6.717,6.693,6.663,6.627,6.582,6.526,6.458,6.381,6.294,6.201,6.105,6.009,5.913,5.82,5.73,5.641,5.555,5.47,5.389,5.312,5.241,5.174,5.11,5.049,4.987,4.923,4.855,4.783,4.708,4.631,4.553,4.476,4.402,
GUY,Latin America & Caribbean,Upper middle income,Guyana,3.817,3.728,3.64,3.548,3.452,3.354,3.263,3.186,3.127,3.089,3.069,3.063,3.066,3.071,3.074,3.074,3.069,3.061,3.05,3.036,3.017,2.992,2.961,2.924,2.883,2.84,2.797,2.755,2.718,2.684,2.655,2.63,2.606,2.582,2.558,2.534,2.509,2.485,2.462,2.44,
HTI,Latin America & Caribbean,Low income,Haiti,6.058,6.122,6.154,6.149,6.106,6.028,5.921,5.799,5.673,5.549,5.43,5.317,5.208,5.099,4.991,4.884,4.777,4.669,4.561,4.452,4.344,4.237,4.132,4.029,3.931,3.836,3.746,3.66,3.579,3.501,3.427,3.356,3.288,3.223,3.159,3.098,3.041,2.986,2.935,2.887,
HND,Latin America & Caribbean,Lower middle income,Honduras,6.313,6.19,6.062,5.932,5.802,5.674,5.55,5.432,5.321,5.218,5.123,5.039,4.963,4.893,4.826,4.756,4.678,4.588,4.484,4.367,4.237,4.098,3.956,3.815,3.677,3.545,3.419,3.296,3.177,3.063,2.957,2.86,2.774,2.699,2.635,2.581,2.536,2.496,2.46,2.427,
HKG,East Asia & Pacific,High income,"Hong Kong SAR, China",2.047,1.933,1.86,1.722,1.559,1.491,1.367,1.311,1.4,1.296,1.272,1.281,1.347,1.342,1.355,1.295,1.191,1.127,1.016,0.981,1.032,0.931,0.941,0.901,0.922,0.959,0.984,1.028,1.064,1.055,1.127,1.204,1.285,1.125,1.235,1.196,1.205,1.125,1.072,1.051,
HUN,Europe & Central Asia,High income,Hungary,1.91,1.88,1.8,1.75,1.75,1.85,1.84,1.82,1.81,1.82,1.87,1.87,1.77,1.68,1.64,1.57,1.46,1.37,1.32,1.28,1.32,1.31,1.3,1.27,1.28,1.31,1.34,1.32,1.35,1.32,1.25,1.23,1.34,1.35,1.44,1.45,1.53,1.54,1.55,1.49,
ISL,Europe & Central Asia,High income,Iceland,2.48,2.33,2.27,2.24,2.08,1.93,1.92,2.06,2.26,2.19,2.3,2.18,2.21,2.22,2.14,2.08,2.12,2.04,2.05,1.99,2.08,1.95,1.93,1.99,2.04,2.05,2.08,2.09,2.15,2.23,2.2,2.02,2.04,1.93,1.93,1.8,1.74,1.71,1.71,1.75,
IND,South Asia,Lower middle income,India,4.827,4.766,4.703,4.636,4.563,4.484,4.399,4.311,4.222,4.132,4.045,3.959,3.877,3.799,3.723,3.651,3.582,3.514,3.446,3.379,3.311,3.244,3.176,3.109,3.041,2.972,2.899,2.823,2.743,2.661,2.581,2.506,2.439,2.381,2.333,2.295,2.266,2.243,2.222,2.202,
IDN,East Asia & Pacific,Lower middle income,Indonesia,4.43,4.301,4.167,4.028,3.887,3.745,3.606,3.472,3.346,3.229,3.122,3.022,2.929,2.842,2.761,2.688,2.627,2.579,2.544,2.523,2.512,2.509,2.511,2.513,2.515,2.514,2.51,2.505,2.499,2.492,2.483,2.471,2.455,2.436,2.413,2.389,2.362,2.336,2.311,2.288,
IRN,Middle East & North Africa,Upper middle income,"Iran, Islamic Rep.",6.482,6.519,6.523,6.483,6.392,6.241,6.024,5.748,5.427,5.07,4.691,4.304,3.923,3.562,3.231,2.941,2.696,2.489,2.317,2.177,2.067,1.983,1.922,1.878,1.846,1.825,1.812,1.807,1.811,1.821,1.839,1.866,1.901,1.945,1.993,2.041,2.083,2.116,2.137,2.146,
IRQ,Middle East & North Africa,Upper middle income,Iraq,6.569,6.485,6.407,6.338,6.276,6.22,6.164,6.105,6.039,5.965,5.882,5.793,5.7,5.607,5.513,5.419,5.325,5.23,5.133,5.036,4.94,4.847,4.758,4.676,4.6,4.534,4.48,4.437,4.403,4.374,4.343,4.301,4.243,4.168,4.076,3.972,3.864,3.762,3.672,3.597,
IRL,Europe & Central Asia,High income,Ireland,3.21,3.05,2.94,2.74,2.58,2.48,2.44,2.32,2.17,2.08,2.11,2.08,1.99,1.9,1.85,1.84,1.88,1.93,1.94,1.9,1.89,1.94,1.97,1.96,1.93,1.86,1.91,2.01,2.06,2.06,2.05,2.03,1.98,1.93,1.89,1.85,1.81,1.77,1.75,1.7,
IMN,Europe & Central Asia,High income,Isle of Man,,,,,,,,,,,,,,,1.8,,,,,,,,1.65,,,,,,,,,,,,,,,,,,
ISR,Middle East & North Africa,High income,Israel,3.242,3.186,3.13,3.106,3.082,3.058,3.034,3.01,2.948,2.886,2.824,2.762,2.7,2.8,2.9,2.9,2.9,2.94,2.98,2.965,2.95,2.92,2.89,2.95,2.9,2.84,2.88,2.9,2.96,2.96,3.03,2.98,3.05,3.03,3.08,3.09,3.11,3.11,3.09,3.01,
ITA,Europe & Central Asia,High income,Italy,1.64,1.58,1.56,1.51,1.46,1.42,1.35,1.33,1.36,1.33,1.33,1.3,1.3,1.25,1.21,1.19,1.2,1.22,1.22,1.23,1.26,1.25,1.27,1.29,1.34,1.34,1.37,1.4,1.45,1.45,1.46,1.44,1.43,1.39,1.37,1.35,1.34,1.32,1.29,1.27,
JAM,Latin America & Caribbean,Upper middle income,Jamaica,3.733,3.643,3.559,3.477,3.394,3.308,3.223,3.142,3.069,3.003,2.947,2.899,2.86,2.826,2.797,2.768,2.738,2.704,2.666,2.623,2.577,2.529,2.482,2.439,2.398,2.361,2.325,2.289,2.251,2.212,2.173,2.136,2.102,2.072,2.047,2.026,2.009,1.993,1.979,1.965,
JPN,East Asia & Pacific,High income,Japan,1.75,1.74,1.77,1.8,1.81,1.76,1.72,1.69,1.66,1.57,1.54,1.53,1.502,1.458,1.5,1.422,1.425,1.388,1.384,1.342,1.359,1.33,1.32,1.29,1.29,1.26,1.32,1.34,1.37,1.37,1.39,1.39,1.41,1.43,1.42,1.45,1.44,1.43,1.42,1.36,
JOR,Middle East & North Africa,Upper middle income,Jordan,7.262,7.179,7.072,6.936,6.773,6.584,6.375,6.156,5.938,5.725,5.521,5.326,5.138,4.958,4.787,4.63,4.489,4.367,4.264,4.178,4.109,4.056,4.013,3.977,3.943,3.907,3.866,3.821,3.768,3.706,3.631,3.541,3.436,3.319,3.196,3.071,2.954,2.849,2.761,2.691,
KAZ,Europe & Central Asia,Upper middle income,Kazakhstan,2.9,2.95,3,3.04,3.08,3.08,3.135,3.19,3.13,2.82,2.72,2.61,2.5,2.3,2.28,2.26,2.13,2,1.8,1.8,1.8,1.9,2,2.03,2.21,2.22,2.36,2.47,2.68,2.55,2.59,2.59,2.62,2.64,2.73,2.74,2.77,2.75,2.84,2.9,
KEN,Sub-Saharan Africa,Lower middle income,Kenya,7.455,7.365,7.268,7.16,7.042,6.911,6.763,6.599,6.425,6.244,6.066,5.901,5.755,5.633,5.535,5.459,5.4,5.348,5.296,5.239,5.178,5.112,5.045,4.979,4.913,4.843,4.767,4.682,4.587,4.482,4.369,4.248,4.123,3.999,3.879,3.765,3.663,3.572,3.492,3.423,
KIR,East Asia & Pacific,Lower middle income,Kiribati,5.07,5.051,5.022,4.988,4.952,4.912,4.871,4.829,4.784,4.738,4.688,4.635,4.576,4.512,4.445,4.374,4.304,4.235,4.17,4.11,4.058,4.015,3.979,3.95,3.927,3.909,3.895,3.883,3.872,3.859,3.843,3.822,3.796,3.765,3.73,3.692,3.651,3.61,3.569,3.53,
PRK,East Asia & Pacific,Low income,"Korea, Dem. People's Rep.",2.773,2.753,2.734,2.701,2.65,2.581,2.503,2.429,2.369,2.323,2.289,2.262,2.235,2.202,2.164,2.122,2.08,2.044,2.017,1.999,1.991,1.988,1.988,1.986,1.982,1.975,1.966,1.957,1.949,1.943,1.938,1.934,1.931,1.929,1.926,1.922,1.917,1.911,1.904,1.896,
KOR,East Asia & Pacific,High income,"Korea, Rep.",2.82,2.57,2.39,2.06,1.74,1.66,1.58,1.53,1.55,1.56,1.57,1.71,1.76,1.654,1.656,1.634,1.574,1.537,1.464,1.425,1.48,1.309,1.178,1.191,1.164,1.085,1.132,1.259,1.192,1.149,1.226,1.244,1.297,1.187,1.205,1.239,1.172,1.052,0.977,0.918,
XKX,Europe & Central Asia,Lower middle income,Kosovo,,4.58,4.88,4.48,4.82,4.56,4.47,4.43,4.26,3.92,3.9,3.59,2.97,2.85,2.72,2.72,2.71,2.47,2.58,2.89,2.96,2.81,2.67,2.35,2.54,2.65,2.43,2.43,2.38,2.33,2.29,2.24,2.2,2.16,2.13,2.09,2.06,2.02,2,1.97,
KWT,Middle East & North Africa,High income,Kuwait,5.316,5.177,5.018,4.83,4.61,4.357,4.074,3.777,3.482,3.205,2.967,2.791,2.682,2.641,2.66,2.72,2.796,2.861,2.895,2.89,2.845,2.772,2.69,2.614,2.548,2.494,2.447,2.399,2.347,2.291,2.234,2.182,2.139,2.109,2.09,2.083,2.082,2.083,2.082,2.077,
KGZ,Europe & Central Asia,Lower middle income,Kyrgyz Republic,4.367,4.296,4.24,4.195,4.16,4.13,4.1,4.065,4.02,3.875,3.63,3.58,3.52,3.2,2.9,3.1,2.8,2.6,2.7,2.6,2.4,2.4,2.4,2.5,2.6,2.5,2.7,2.7,2.8,2.9,3.1,3.1,3.2,3.1,3.2,3.2,3.1,3,3.3,3.3,
LAO,East Asia & Pacific,Lower middle income,Lao PDR,6.277,6.315,6.345,6.363,6.369,6.361,6.342,6.313,6.274,6.222,6.151,6.054,5.928,5.772,5.589,5.385,5.165,4.939,4.717,4.506,4.311,4.137,3.983,3.845,3.724,3.615,3.516,3.421,3.327,3.234,3.143,3.056,2.977,2.907,2.847,2.796,2.751,2.709,2.667,2.626,
LVA,Europe & Central Asia,High income,Latvia,1.86,1.88,1.97,2.07,2.09,2.08,2.12,2.15,2.11,2.05,2.02,1.86,1.73,1.51,1.39,1.25,1.16,1.11,1.09,1.16,1.25,1.22,1.26,1.32,1.29,1.39,1.46,1.54,1.58,1.46,1.36,1.33,1.44,1.52,1.65,1.7,1.74,1.69,1.6,1.61,
LBN,Middle East & North Africa,Upper middle income,Lebanon,3.976,3.885,3.802,3.729,3.665,3.611,3.563,3.52,3.475,3.428,3.372,3.306,3.228,3.14,3.042,2.936,2.826,2.714,2.606,2.502,2.405,2.313,2.225,2.142,2.066,2.002,1.956,1.93,1.925,1.938,1.966,2.002,2.038,2.069,2.091,2.103,2.104,2.097,2.087,2.075,
LSO,Sub-Saharan Africa,Lower middle income,Lesotho,5.577,5.518,5.453,5.381,5.302,5.216,5.125,5.029,4.929,4.826,4.721,4.614,4.506,4.397,4.291,4.189,4.094,4.007,3.928,3.857,3.792,3.732,3.674,3.616,3.558,3.502,3.449,3.402,3.361,3.328,3.302,3.282,3.265,3.25,3.235,3.218,3.197,3.171,3.141,3.108,
LBR,Sub-Saharan Africa,Low income,Liberia,6.973,6.973,6.964,6.946,6.917,6.875,6.82,6.752,6.673,6.587,6.499,6.415,6.337,6.269,6.21,6.158,6.11,6.059,6.003,5.939,5.866,5.785,5.699,5.61,5.52,5.429,5.338,5.246,5.154,5.062,4.971,4.881,4.793,4.706,4.621,4.54,4.461,4.387,4.315,4.247,
LBY,Middle East & North Africa,Upper middle income,Libya,7.219,7.023,6.826,6.63,6.435,6.236,6.023,5.79,5.533,5.256,4.966,4.67,4.381,4.109,3.859,3.636,3.439,3.265,3.109,2.97,2.851,2.751,2.671,2.609,2.563,2.53,2.509,2.497,2.49,2.485,2.478,2.466,2.447,2.423,2.392,2.356,2.317,2.277,2.24,2.206,
LIE,Europe & Central Asia,High income,Liechtenstein,,,,,,,,,,,,,,,,,,,,,1.57,1.52,1.47,1.36,1.44,1.49,1.43,1.42,1.43,1.71,1.4,1.69,1.51,1.45,1.59,1.4,1.61,1.44,1.58,1.47,
LTU,Europe & Central Asia,High income,Lithuania,1.99,1.98,1.97,2.1,2.07,2.08,2.12,2.11,2.02,1.98,2.03,2.01,1.97,1.74,1.57,1.55,1.49,1.47,1.46,1.46,1.39,1.29,1.23,1.26,1.27,1.29,1.33,1.36,1.45,1.5,1.5,1.55,1.6,1.59,1.63,1.7,1.69,1.63,1.63,1.61,
LUX,Europe & Central Asia,High income,Luxembourg,1.5,1.55,1.49,1.43,1.42,1.38,1.43,1.4,1.51,1.52,1.6,1.6,1.64,1.7,1.72,1.7,1.77,1.71,1.68,1.74,1.76,1.66,1.63,1.62,1.66,1.63,1.65,1.61,1.61,1.59,1.63,1.52,1.57,1.55,1.5,1.47,1.41,1.39,1.38,1.34,
MAC,East Asia & Pacific,High income,"Macao SAR, China",1.709,1.835,1.953,2.046,2.104,2.121,2.094,2.031,1.944,1.838,1.722,1.605,1.494,1.394,1.308,1.236,1.174,1.116,1.059,1.002,0.95,0.906,0.875,0.86,0.862,0.879,0.911,0.953,0.999,1.048,1.093,1.131,1.161,1.183,1.196,1.203,1.207,1.211,1.217,1.228,
MKD,Europe & Central Asia,Upper middle income,North Macedonia,2.486,2.468,2.449,2.426,2.399,2.368,2.335,2.301,2.269,2.238,2.206,2.171,2.131,2.085,2.033,1.977,1.919,1.864,1.812,1.765,1.723,1.683,1.644,1.605,1.566,1.531,1.501,1.48,1.468,1.464,1.468,1.477,1.488,1.497,1.504,1.507,1.506,1.501,1.496,1.489,
MDG,Sub-Saharan Africa,Low income,Madagascar,6.725,6.637,6.554,6.477,6.41,6.353,6.307,6.27,6.237,6.208,6.179,6.149,6.116,6.078,6.033,5.979,5.912,5.835,5.748,5.653,5.551,5.447,5.342,5.24,5.141,5.047,4.956,4.866,4.777,4.689,4.603,4.52,4.442,4.369,4.302,4.241,4.184,4.13,4.077,4.026,
MWI,Sub-Saharan Africa,Low income,Malawi,7.643,7.639,7.621,7.591,7.545,7.482,7.395,7.287,7.16,7.019,6.872,6.728,6.596,6.48,6.384,6.309,6.253,6.209,6.17,6.133,6.098,6.065,6.033,6,5.963,5.914,5.844,5.751,5.632,5.491,5.332,5.161,4.988,4.821,4.666,4.527,4.407,4.302,4.209,4.127,
MYS,East Asia & Pacific,Upper middle income,Malaysia,4.068,4.021,3.974,3.925,3.872,3.816,3.759,3.703,3.65,3.6,3.554,3.51,3.466,3.422,3.372,3.313,3.238,3.145,3.036,2.913,2.784,2.657,2.539,2.438,2.355,2.293,2.249,2.217,2.191,2.169,2.149,2.129,2.11,2.092,2.074,2.056,2.037,2.019,2.001,1.983,
MDV,South Asia,Upper middle income,Maldives,7.081,7.151,7.203,7.219,7.189,7.106,6.967,6.78,6.555,6.295,6.003,5.68,5.332,4.969,4.6,4.237,3.888,3.56,3.259,2.993,2.771,2.596,2.465,2.372,2.313,2.279,2.262,2.254,2.245,2.231,2.206,2.171,2.129,2.084,2.038,1.991,1.947,1.906,1.87,1.84,
MLI,Sub-Saharan Africa,Low income,Mali,7.15,7.15,7.15,7.15,7.15,7.151,7.153,7.156,7.161,7.164,7.165,7.159,7.146,7.124,7.094,7.058,7.02,6.983,6.95,6.921,6.897,6.878,6.861,6.842,6.821,6.794,6.76,6.719,6.67,6.612,6.547,6.474,6.396,6.315,6.231,6.145,6.057,5.968,5.877,5.785,
MLT,Middle East & North Africa,High income,Malta,1.99,1.87,1.9,1.92,1.95,1.95,1.93,1.97,2.06,2.1,2.02,1.99,2.07,1.96,1.84,1.77,1.99,1.93,1.84,1.73,1.68,1.48,1.45,1.48,1.4,1.38,1.36,1.35,1.43,1.42,1.36,1.45,1.42,1.36,1.38,1.37,1.37,1.26,1.23,1.1,
MHL,East Asia & Pacific,Upper middle income,Marshall Islands,,,,,,,,5.9,,,,,,,,,,,,5.71,,,,,,4.5,4.5,4.5,,,,4.05,,,,,,,,,
MRT,Sub-Saharan Africa,Lower middle income,Mauritania,6.443,6.389,6.335,6.282,6.231,6.179,6.126,6.069,6.009,5.946,5.881,5.818,5.759,5.704,5.655,5.612,5.572,5.533,5.495,5.455,5.413,5.369,5.323,5.277,5.23,5.184,5.14,5.098,5.057,5.019,4.98,4.939,4.895,4.847,4.794,4.738,4.679,4.619,4.561,4.503,
MUS,Sub-Saharan Africa,Upper middle income,Mauritius,2.672,2.532,2.412,2.325,2.16,2.02,1.99,2.05,2.14,2.23,2.32,2.3,2.37,2.21,2.25,2.14,2.12,2.04,1.97,2.05,1.99,1.91,1.94,1.87,1.92,1.88,1.77,1.74,1.67,1.59,1.57,1.55,1.54,1.44,1.43,1.36,1.4,1.44,1.41,1.4,
MEX,Latin America & Caribbean,Upper middle income,Mexico,4.823,4.636,4.463,4.304,4.158,4.026,3.904,3.79,3.68,3.574,3.47,3.369,3.273,3.182,3.097,3.018,2.946,2.88,2.821,2.766,2.716,2.669,2.623,2.579,2.536,2.495,2.456,2.421,2.391,2.364,2.34,2.317,2.294,2.27,2.243,2.215,2.186,2.157,2.129,2.103,
FSM,East Asia & Pacific,Lower middle income,"Micronesia, Fed. Sts.",6.223,6.129,6.02,5.894,5.752,5.6,5.446,5.299,5.167,5.052,4.958,4.882,4.82,4.766,4.716,4.664,4.608,4.544,4.471,4.39,4.3,4.204,4.105,4.007,3.912,3.823,3.739,3.661,3.589,3.522,3.46,3.402,3.347,3.294,3.243,3.193,3.145,3.098,3.053,3.01,
MDA,Europe & Central Asia,Lower middle income,Moldova,2.481,2.51,2.546,2.585,2.62,2.643,2.646,2.625,2.578,2.506,2.414,2.309,2.199,2.093,1.994,1.901,1.811,1.719,1.623,1.527,1.435,1.354,1.29,1.247,1.224,1.219,1.227,1.241,1.256,1.268,1.275,1.276,1.273,1.27,1.265,1.261,1.259,1.259,1.262,1.269,
MCO,Europe & Central Asia,High income,Monaco,,,,,,,,,,,,,,,,,,,,,,,,,,,,,,,,,,,,,,,,,
MNG,East Asia & Pacific,Lower middle income,Mongolia,6.209,6.033,5.864,5.696,5.526,5.345,5.14,4.906,4.644,4.356,4.052,3.746,3.45,3.18,2.941,2.738,2.57,2.429,2.31,2.214,2.141,2.095,2.078,2.087,2.121,2.177,2.253,2.343,2.441,2.541,2.637,2.722,2.794,2.852,2.894,2.918,2.923,2.914,2.895,2.867,
MNE,Europe & Central Asia,Upper middle income,Montenegro,2.243,2.224,2.208,2.192,2.175,2.156,2.137,2.12,2.104,2.091,2.078,2.063,2.046,2.025,2.002,1.977,1.951,1.927,1.906,1.888,1.875,1.865,1.858,1.852,1.847,1.84,1.83,1.817,1.8,1.78,1.76,1.741,1.728,1.72,1.719,1.723,1.73,1.738,1.745,1.748,
MAR,Middle East & North Africa,Lower middle income,Morocco,5.685,5.572,5.44,5.288,5.117,4.933,4.742,4.554,4.374,4.205,4.047,3.896,3.746,3.595,3.445,3.298,3.16,3.036,2.93,2.842,2.771,2.715,2.67,2.632,2.598,2.571,2.553,2.545,2.547,2.556,2.567,2.576,2.579,2.571,2.552,2.524,2.489,2.451,2.415,2.382,
MOZ,Sub-Saharan Africa,Low income,Mozambique,6.474,6.445,6.42,6.396,6.375,6.354,6.332,6.308,6.281,6.248,6.211,6.167,6.119,6.067,6.015,5.965,5.921,5.886,5.859,5.84,5.826,5.813,5.794,5.768,5.733,5.688,5.634,5.576,5.515,5.454,5.392,5.329,5.264,5.198,5.131,5.062,4.992,4.922,4.852,4.783,
MMR,East Asia & Pacific,Lower middle income,Myanmar,4.893,4.773,4.644,4.502,4.351,4.191,4.028,3.867,3.714,3.573,3.447,3.338,3.244,3.164,3.097,3.042,2.998,2.963,2.933,2.906,2.878,2.845,2.807,2.763,2.713,2.657,2.596,2.533,2.471,2.412,2.359,2.312,2.274,2.242,2.217,2.198,2.182,2.168,2.154,2.138,
NAM,Sub-Saharan Africa,Upper middle income,Namibia,6.373,6.31,6.231,6.137,6.027,5.904,5.771,5.632,5.493,5.354,5.219,5.087,4.958,4.83,4.703,4.574,4.44,4.3,4.157,4.014,3.88,3.763,3.67,3.604,3.565,3.552,3.56,3.579,3.601,3.62,3.631,3.632,3.623,3.604,3.577,3.54,3.496,3.447,3.396,3.344,
NRU,East Asia & Pacific,High income,Nauru,,,,,,,,,,,,,,,,,,,,,,,,,,,,,,,,,,,,,,,,,
NPL,South Asia,Low income,Nepal,5.725,5.687,5.645,5.597,5.546,5.49,5.431,5.371,5.308,5.242,5.172,5.099,5.02,4.934,4.839,4.731,4.606,4.464,4.306,4.135,3.955,3.772,3.593,3.422,3.263,3.118,2.986,2.865,2.751,2.644,2.542,2.444,2.351,2.261,2.176,2.098,2.027,1.967,1.917,1.876,
NLD,Europe & Central Asia,High income,Netherlands,1.6,1.56,1.5,1.47,1.49,1.51,1.55,1.56,1.55,1.55,1.62,1.61,1.59,1.57,1.57,1.53,1.53,1.56,1.63,1.65,1.72,1.71,1.73,1.75,1.72,1.71,1.72,1.72,1.77,1.79,1.79,1.76,1.72,1.68,1.71,1.66,1.66,1.62,1.59,1.57,
NCL,East Asia & Pacific,High income,New Caledonia,3.424,3.64,3.42,3.33,3.17,3,3.17,3.25,3.1,2.97,3.18,3.15,2.99,2.86,2.7,2.59,2.65,2.67,2.54,2.48,2.59,2.43,2.33,2.27,2.18,2.2,2.29,2.2,2.2,2.2,2.2,2.15,2.28,2.19,2.17,2.06,2.08,1.97,1.97,1.94,
NZL,East Asia & Pacific,High income,New Zealand,2.03,2.01,1.95,1.92,1.93,1.93,1.96,2.03,2.1,2.12,2.18,2.16,2.12,2.05,2,1.99,1.96,1.96,1.89,1.97,1.98,1.97,1.89,1.93,1.98,1.97,2.01,2.18,2.19,2.13,2.17,2.09,2.1,2.01,1.92,1.99,1.87,1.81,1.71,1.72,
NIC,Latin America & Caribbean,Lower middle income,Nicaragua,6.135,6.025,5.902,5.764,5.612,5.448,5.278,5.104,4.931,4.762,4.596,4.432,4.267,4.102,3.937,3.775,3.62,3.473,3.339,3.218,3.111,3.019,2.941,2.874,2.816,2.767,2.725,2.689,2.657,2.628,2.601,2.575,2.55,2.526,2.503,2.48,2.455,2.43,2.404,2.377,
NER,Sub-Saharan Africa,Low income,Niger,7.844,7.868,7.882,7.886,7.88,7.865,7.845,7.824,7.803,7.786,7.772,7.761,7.752,7.743,7.734,7.725,7.716,7.707,7.698,7.689,7.679,7.669,7.658,7.645,7.63,7.612,7.592,7.569,7.542,7.511,7.473,7.429,7.376,7.314,7.245,7.169,7.087,7.001,6.913,6.824,
NGA,Sub-Saharan Africa,Lower middle income,Nigeria,6.783,6.779,6.767,6.749,6.726,6.698,6.664,6.625,6.582,6.537,6.49,6.443,6.395,6.348,6.303,6.262,6.224,6.19,6.159,6.131,6.106,6.083,6.06,6.036,6.011,5.985,5.958,5.93,5.902,5.872,5.839,5.802,5.758,5.709,5.653,5.592,5.526,5.457,5.387,5.317,
MNP,East Asia & Pacific,High income,Northern Mariana Islands,,,,,,,,,,,,,,,,,,,,,,,,,,,,,,,,,,,,,,,,,
NOR,Europe & Central Asia,High income,Norway,1.72,1.7,1.71,1.66,1.66,1.68,1.71,1.74,1.84,1.89,1.93,1.92,1.88,1.86,1.87,1.87,1.89,1.86,1.81,1.85,1.85,1.78,1.75,1.8,1.83,1.84,1.9,1.9,1.96,1.98,1.95,1.88,1.85,1.78,1.75,1.72,1.71,1.62,1.56,1.53,
OMN,Middle East & North Africa,High income,Oman,8.299,8.338,8.352,8.34,8.299,8.222,8.101,7.933,7.719,7.462,7.165,6.831,6.472,6.098,5.72,5.346,4.981,4.63,4.297,3.989,3.716,3.484,3.293,3.142,3.029,2.951,2.904,2.879,2.869,2.868,2.873,2.882,2.896,2.913,2.93,2.939,2.937,2.92,2.888,2.842,
PAK,South Asia,Lower middle income,Pakistan,6.534,6.504,6.474,6.444,6.415,6.385,6.354,6.318,6.276,6.225,6.164,6.091,6.007,5.912,5.808,5.694,5.571,5.442,5.308,5.172,5.037,4.904,4.774,4.648,4.528,4.416,4.31,4.211,4.118,4.031,3.951,3.88,3.816,3.759,3.708,3.66,3.612,3.562,3.51,3.454,
PLW,East Asia & Pacific,Upper middle income,Palau,,,,,,,,,,,2.84,,,,,2.33,,,,,1.83,,,,,2.02,,,,,,,2.23,,,2.21,,,,,
PAN,Latin America & Caribbean,Upper middle income,Panama,3.884,3.775,3.675,3.581,3.494,3.413,3.336,3.262,3.19,3.121,3.057,2.999,2.95,2.909,2.877,2.852,2.83,2.81,2.789,2.767,2.744,2.72,2.698,2.679,2.663,2.651,2.643,2.637,2.632,2.628,2.622,2.613,2.601,2.584,2.564,2.54,2.514,2.487,2.461,2.437,
PNG,East Asia & Pacific,Lower middle income,Papua New Guinea,5.694,5.609,5.515,5.415,5.312,5.21,5.11,5.018,4.934,4.861,4.802,4.756,4.723,4.7,4.683,4.668,4.653,4.632,4.604,4.569,4.525,4.475,4.422,4.368,4.315,4.263,4.21,4.156,4.101,4.043,3.985,3.926,3.869,3.812,3.758,3.707,3.657,3.61,3.564,3.52,
PRY,Latin America & Caribbean,Upper middle income,Paraguay,5.174,5.155,5.126,5.087,5.037,4.974,4.9,4.818,4.73,4.639,4.547,4.457,4.368,4.282,4.196,4.108,4.014,3.911,3.798,3.678,3.553,3.431,3.315,3.21,3.119,3.04,2.97,2.907,2.846,2.787,2.73,2.675,2.625,2.581,2.542,2.508,2.479,2.453,2.429,2.405,
PER,Latin America & Caribbean,Upper middle income,Peru,5.041,4.915,4.795,4.68,4.568,4.46,4.354,4.247,4.138,4.026,3.912,3.794,3.673,3.552,3.432,3.315,3.203,3.099,3.002,2.917,2.845,2.789,2.749,2.723,2.706,2.695,2.682,2.662,2.633,2.594,2.546,2.493,2.441,2.394,2.355,2.323,2.297,2.275,2.254,2.233,
PHL,East Asia & Pacific,Lower middle income,Philippines,5.183,5.078,4.978,4.883,4.795,4.712,4.632,4.554,4.476,4.397,4.32,4.246,4.177,4.113,4.056,4.005,3.961,3.922,3.886,3.85,3.811,3.766,3.712,3.65,3.579,3.504,3.429,3.359,3.294,3.236,3.18,3.121,3.055,2.979,2.894,2.805,2.718,2.64,2.576,2.526,
POL,Europe & Central Asia,High income,Poland,2.28,2.24,2.34,2.42,2.37,2.33,2.22,2.15,2.13,2.08,2.06,2.07,1.95,1.87,1.81,1.62,1.59,1.51,1.44,1.37,1.37,1.31,1.25,1.22,1.23,1.24,1.27,1.31,1.39,1.4,1.41,1.33,1.33,1.29,1.32,1.32,1.39,1.48,1.46,1.42,
PRT,Europe & Central Asia,High income,Portugal,2.25,2.13,2.07,1.95,1.9,1.72,1.66,1.62,1.61,1.57,1.56,1.56,1.54,1.52,1.45,1.41,1.44,1.47,1.47,1.5,1.55,1.45,1.46,1.44,1.4,1.41,1.37,1.35,1.39,1.34,1.39,1.35,1.28,1.21,1.23,1.31,1.36,1.38,1.42,1.42,
PRI,Latin America & Caribbean,High income,Puerto Rico,2.607,2.548,2.49,2.436,2.387,2.344,2.308,2.279,2.256,2.236,2.219,2.201,2.179,2.153,2.122,2.086,1.94,1.9,1.9,2,2.0485,1.9346,1.8317,1.7624,1.7822,1.7702,1.7123,1.6505,1.6516,1.6528,1.6235,1.5965,1.5425,1.47,1.432,1.3365,1.2425,1.101,1.035,1.035,
QAT,Middle East & North Africa,High income,Qatar,5.806,5.661,5.5,5.322,5.128,4.925,4.718,4.516,4.329,4.159,4.013,3.893,3.795,3.714,3.647,3.588,3.532,3.473,3.407,3.329,3.236,3.124,2.996,2.858,2.713,2.569,2.433,2.312,2.211,2.13,2.07,2.027,1.997,1.972,1.95,1.929,1.907,1.886,1.866,1.846,
ROU,Europe & Central Asia,Upper middle income,Romania,2.43,2.36,2.17,2.06,2.26,2.31,2.39,2.38,2.3,2.22,1.83,1.59,1.51,1.43,1.4,1.33,1.3,1.32,1.32,1.3,1.31,1.27,1.27,1.3,1.33,1.4,1.42,1.45,1.6,1.66,1.59,1.47,1.52,1.46,1.56,1.62,1.69,1.71,1.76,1.76,
RUS,Europe & Central Asia,Upper middle income,Russian Federation,1.89,1.91,2.04,2.11,2.06,2.05,2.15,2.22,2.12,2.01,1.892,1.732,1.552,1.385,1.4,1.337,1.27,1.218,1.232,1.157,1.195,1.223,1.286,1.319,1.344,1.294,1.305,1.416,1.502,1.542,1.567,1.582,1.691,1.707,1.75,1.777,1.762,1.621,1.579,1.504,
RWA,Sub-Saharan Africa,Low income,Rwanda,8.461,8.444,8.41,8.357,8.282,8.177,8.038,7.863,7.657,7.427,7.184,6.942,6.713,6.505,6.324,6.172,6.046,5.936,5.835,5.737,5.64,5.542,5.443,5.342,5.239,5.131,5.015,4.893,4.767,4.641,4.52,4.412,4.322,4.251,4.197,4.157,4.123,4.088,4.044,3.99,
WSM,East Asia & Pacific,Lower middle income,Samoa,6.203,6.086,5.968,5.85,5.734,5.62,5.51,5.404,5.303,5.208,5.118,5.034,4.956,4.882,4.815,4.751,4.692,4.637,4.587,4.541,4.503,4.476,4.46,4.454,4.456,4.46,4.46,4.45,4.426,4.388,4.338,4.277,4.212,4.147,4.086,4.029,3.976,3.926,3.877,3.83,
SMR,Europe & Central Asia,High income,San Marino,,,,,,,,,,,,,,,,,,,,,,,,,,,,,,,,,1.26,,,,,,,,
STP,Sub-Saharan Africa,Lower middle income,Sao Tome and Principe,6.386,6.333,6.276,6.217,6.158,6.101,6.046,5.992,5.938,5.884,5.828,5.769,5.704,5.635,5.562,5.487,5.414,5.345,5.282,5.226,5.176,5.131,5.09,5.049,5.007,4.964,4.919,4.872,4.825,4.776,4.727,4.677,4.627,4.577,4.527,4.477,4.426,4.374,4.321,4.267,
SAU,Middle East & North Africa,High income,Saudi Arabia,7.206,7.138,7.047,6.933,6.798,6.649,6.495,6.342,6.194,6.052,5.911,5.761,5.594,5.407,5.2,4.98,4.754,4.533,4.325,4.137,3.971,3.83,3.708,3.601,3.505,3.417,3.331,3.246,3.158,3.066,2.97,2.871,2.773,2.678,2.589,2.507,2.435,2.373,2.319,2.275,
SEN,Sub-Saharan Africa,Low income,Senegal,7.292,7.279,7.245,7.189,7.111,7.013,6.902,6.785,6.668,6.555,6.448,6.346,6.246,6.146,6.046,5.945,5.843,5.741,5.639,5.541,5.448,5.365,5.292,5.232,5.185,5.149,5.124,5.107,5.094,5.081,5.064,5.039,5.005,4.96,4.905,4.841,4.77,4.697,4.625,4.556,
SRB,Europe & Central Asia,Upper middle income,Serbia,,2.1,,,,,,,,,,1.8,,,,1.7,,1.6,,,1.48,1.58,1.57,1.59,1.57,1.45,1.43,1.38,1.4,1.44,1.4,1.4,1.45,1.43,1.46,1.46,1.46,1.49,1.49,1.52,
SYC,Sub-Saharan Africa,High income,Seychelles,,,3.5,,,,,3,,,,,2.696,,,,,2.1,2.04,2.04,2.08,1.98,2.04,2.06,2.01,2.2,2.11,2.24,2.33,2.38,2.16,2.33,2.37,2.26,2.25,2.31,2.39,2.41,2.41,2.34,
SLE,Sub-Saharan Africa,Low income,Sierra Leone,6.69,6.704,6.715,6.724,6.729,6.731,6.732,6.731,6.73,6.726,6.721,6.711,6.696,6.674,6.645,6.608,6.564,6.512,6.455,6.39,6.319,6.242,6.158,6.067,5.969,5.863,5.747,5.621,5.487,5.346,5.202,5.06,4.923,4.793,4.672,4.561,4.457,4.359,4.263,4.169,
SGP,East Asia & Pacific,High income,Singapore,1.82,1.78,1.74,1.61,1.62,1.61,1.43,1.62,1.96,1.75,1.83,1.73,1.72,1.74,1.71,1.67,1.66,1.61,1.48,1.47,1.6,1.41,1.37,1.27,1.26,1.26,1.28,1.29,1.28,1.22,1.15,1.2,1.29,1.19,1.25,1.24,1.2,1.16,1.14,1.14,
SXM,Latin America & Caribbean,High income,Sint Maarten (Dutch part),,,,,,,,,,,,,2.03,,,,,,,,,1.95,,,,,,1.5,1.7,1.7,,2.03,,,,,,,,,
SVK,Europe & Central Asia,High income,Slovak Republic,2.32,2.29,2.28,2.28,2.26,2.26,2.2,2.14,2.13,2.07,2.09,2.05,1.93,1.87,1.67,1.52,1.47,1.43,1.37,1.33,1.3,1.2,1.19,1.2,1.25,1.27,1.25,1.27,1.34,1.44,1.43,1.45,1.34,1.34,1.37,1.4,1.48,1.52,1.54,1.56,
SVN,Europe & Central Asia,High income,Slovenia,2.064,2.016,1.93,1.81,1.74,1.71,1.67,1.65,1.63,1.52,1.46,1.42,1.33,1.33,1.32,1.29,1.28,1.25,1.23,1.21,1.26,1.21,1.21,1.2,1.25,1.26,1.31,1.38,1.53,1.53,1.57,1.56,1.58,1.55,1.58,1.57,1.58,1.62,1.61,1.61,
SLB,East Asia & Pacific,Lower middle income,Solomon Islands,6.748,6.632,6.525,6.431,6.349,6.278,6.211,6.139,6.056,5.961,5.851,5.728,5.596,5.461,5.326,5.197,5.077,4.968,4.872,4.789,4.719,4.659,4.606,4.558,4.513,4.473,4.44,4.417,4.403,4.399,4.403,4.413,4.428,4.443,4.455,4.459,4.452,4.434,4.403,4.361,
SOM,Sub-Saharan Africa,Low income,Somalia,7.012,7.029,7.052,7.08,7.112,7.149,7.191,7.238,7.289,7.343,7.398,7.455,7.512,7.566,7.615,7.654,7.68,7.691,7.686,7.664,7.627,7.577,7.517,7.451,7.381,7.306,7.228,7.144,7.055,6.961,6.865,6.765,6.664,6.563,6.462,6.363,6.265,6.168,6.072,5.978,
ZAF,Sub-Saharan Africa,Upper middle income,South Africa,4.98,4.947,4.909,4.859,4.792,4.705,4.592,4.458,4.306,4.139,3.964,3.784,3.607,3.438,3.283,3.144,3.023,2.919,2.829,2.754,2.694,2.652,2.624,2.608,2.603,2.603,2.607,2.61,2.611,2.608,2.598,2.582,2.561,2.537,2.511,2.484,2.457,2.43,2.405,2.381,
SSD,Sub-Saharan Africa,Low income,South Sudan,6.85,6.829,6.813,6.806,6.806,6.81,6.816,6.816,6.808,6.789,6.761,6.726,6.686,6.644,6.601,6.554,6.503,6.444,6.377,6.303,6.223,6.139,6.054,5.969,5.885,5.803,5.721,5.638,5.552,5.465,5.376,5.286,5.197,5.108,5.022,4.937,4.855,4.775,4.696,4.619,
ESP,Europe & Central Asia,High income,Spain,2.22,2.04,1.94,1.8,1.73,1.64,1.56,1.49,1.45,1.4,1.36,1.33,1.31,1.26,1.19,1.16,1.14,1.15,1.13,1.17,1.22,1.23,1.25,1.3,1.31,1.33,1.36,1.38,1.45,1.38,1.37,1.34,1.32,1.27,1.32,1.33,1.34,1.31,1.26,1.24,
LKA,South Asia,Lower middle income,Sri Lanka,3.408,3.319,3.223,3.12,3.012,2.904,2.8,2.703,2.617,2.544,2.483,2.433,2.39,2.353,2.32,2.291,2.268,2.252,2.242,2.239,2.24,2.246,2.254,2.263,2.271,2.276,2.278,2.275,2.269,2.259,2.248,2.237,2.227,2.22,2.216,2.213,2.211,2.206,2.199,2.188,
KNA,Latin America & Caribbean,High income,St. Kitts and Nevis,,,3.3,,,,,2.8,,,,,2.6,,,,,2.4,,,,,2.107,,,,,,,,,,,,,,,,,,
LCA,Latin America & Caribbean,Upper middle income,St. Lucia,4.703,4.512,4.328,4.161,4.014,3.888,3.781,3.683,3.589,3.495,3.399,3.302,3.203,3.104,3.001,2.892,2.772,2.641,2.499,2.35,2.202,2.06,1.933,1.826,1.74,1.675,1.63,1.598,1.574,1.555,1.538,1.522,1.508,1.496,1.485,1.473,1.461,1.448,1.436,1.424,
MAF,Latin America & Caribbean,High income,St. Martin (French part),,,2.44,2.4,2.29,2.24,2.06,2.13,2.13,2.2,2.12,2.05,1.94,1.84,1.84,1.84,1.84,1.84,1.83,1.83,1.83,1.83,1.83,1.83,1.83,1.83,1.82,1.82,1.82,1.82,1.82,1.82,1.82,1.81,1.81,1.81,1.81,1.81,1.81,1.81,
VCT,Latin America & Caribbean,Upper middle income,St. Vincent and the Grenadines,3.985,3.832,3.692,3.561,3.439,3.328,3.23,3.144,3.072,3.01,2.956,2.907,2.86,2.811,2.76,2.703,2.641,2.576,2.509,2.442,2.379,2.321,2.271,2.229,2.196,2.17,2.149,2.131,2.112,2.092,2.07,2.046,2.021,1.998,1.975,1.953,1.931,1.911,1.891,1.872,
SDN,Sub-Saharan Africa,Lower middle income,Sudan,6.802,6.741,6.674,6.605,6.535,6.467,6.401,6.337,6.274,6.213,6.152,6.091,6.028,5.964,5.897,5.829,5.758,5.686,5.614,5.542,5.471,5.402,5.334,5.268,5.204,5.143,5.085,5.03,4.977,4.926,4.876,4.824,4.771,4.715,4.656,4.594,4.532,4.469,4.407,4.347,
SUR,Latin America & Caribbean,Upper middle income,Suriname,3.895,3.798,3.715,3.64,3.57,3.505,3.445,3.391,3.345,3.304,3.267,3.231,3.195,3.156,3.115,3.072,3.03,2.99,2.955,2.923,2.895,2.868,2.84,2.811,2.781,2.749,2.717,2.687,2.659,2.633,2.61,2.587,2.565,2.543,2.519,2.494,2.469,2.443,2.418,2.394,
SWZ,Sub-Saharan Africa,Lower middle income,Eswatini,6.721,6.662,6.567,6.434,6.265,6.069,5.857,5.646,5.447,5.267,5.106,4.962,4.827,4.694,4.563,4.434,4.311,4.195,4.09,3.997,3.915,3.848,3.792,3.745,3.704,3.663,3.617,3.561,3.496,3.421,3.342,3.264,3.195,3.139,3.097,3.065,3.041,3.018,2.99,2.958,
SWE,Europe & Central Asia,High income,Sweden,1.68,1.63,1.62,1.61,1.66,1.74,1.8,1.84,1.96,2.01,2.13,2.11,2.09,1.99,1.88,1.73,1.6,1.52,1.5,1.5,1.54,1.57,1.65,1.71,1.75,1.77,1.85,1.88,1.91,1.94,1.98,1.9,1.91,1.89,1.88,1.85,1.85,1.78,1.76,1.7,
CHE,Europe & Central Asia,High income,Switzerland,1.55,1.55,1.56,1.52,1.53,1.52,1.53,1.52,1.57,1.56,1.58,1.58,1.58,1.51,1.49,1.48,1.5,1.48,1.47,1.48,1.5,1.38,1.39,1.39,1.42,1.42,1.44,1.46,1.48,1.5,1.52,1.52,1.52,1.52,1.54,1.54,1.54,1.52,1.52,1.48,
SYR,Middle East & North Africa,Lower middle income,Syrian Arab Republic,7.094,6.976,6.843,6.695,6.534,6.359,6.168,5.962,5.746,5.526,5.309,5.106,4.92,4.757,4.617,4.501,4.402,4.314,4.232,4.152,4.076,4.007,3.948,3.899,3.857,3.814,3.762,3.696,3.613,3.514,3.404,3.29,3.181,3.085,3.005,2.94,2.889,2.847,2.808,2.771,
TJK,Europe & Central Asia,Lower middle income,Tajikistan,5.688,5.64,5.613,5.599,5.588,5.573,5.543,5.495,5.427,5.336,5.225,5.1,4.967,4.834,4.705,4.58,4.456,4.332,4.207,4.084,3.967,3.862,3.773,3.703,3.652,3.619,3.602,3.595,3.594,3.596,3.599,3.603,3.608,3.615,3.621,3.623,3.618,3.606,3.585,3.556,
TZA,Sub-Saharan Africa,Low income,Tanzania,6.653,6.618,6.58,6.542,6.504,6.465,6.424,6.379,6.328,6.273,6.213,6.148,6.081,6.013,5.946,5.883,5.828,5.78,5.741,5.711,5.689,5.675,5.666,5.659,5.651,5.638,5.616,5.584,5.542,5.489,5.427,5.358,5.287,5.215,5.146,5.079,5.015,4.953,4.892,4.832,
THA,East Asia & Pacific,Upper middle income,Thailand,3.392,3.202,3.024,2.859,2.707,2.571,2.451,2.346,2.256,2.179,2.113,2.055,2.003,1.956,1.911,1.867,1.823,1.781,1.742,1.705,1.671,1.641,1.616,1.595,1.58,1.568,1.56,1.554,1.549,1.545,1.542,1.539,1.538,1.538,1.538,1.538,1.537,1.532,1.525,1.514,
TLS,East Asia & Pacific,Lower middle income,Timor-Leste,5.219,5.306,5.384,5.439,5.467,5.47,5.457,5.444,5.441,5.452,5.478,5.515,5.556,5.597,5.638,5.684,5.746,5.826,5.921,6.023,6.113,6.171,6.182,6.137,6.033,5.876,5.675,5.451,5.223,5.004,4.805,4.637,4.497,4.383,4.292,4.219,4.156,4.093,4.023,3.943,
TGO,Sub-Saharan Africa,Low income,Togo,7.216,7.163,7.094,7.011,6.915,6.808,6.69,6.566,6.437,6.309,6.185,6.068,5.96,5.861,5.772,5.695,5.628,5.569,5.515,5.466,5.419,5.372,5.326,5.279,5.231,5.179,5.123,5.064,5.001,4.936,4.868,4.798,4.727,4.656,4.585,4.516,4.449,4.384,4.32,4.259,
TON,East Asia & Pacific,Lower middle income,Tonga,5.553,5.532,5.475,5.385,5.266,5.128,4.989,4.864,4.763,4.691,4.644,4.612,4.583,4.547,4.501,4.447,4.391,4.34,4.3,4.27,4.25,4.236,4.221,4.202,4.177,4.144,4.104,4.059,4.012,3.963,3.913,3.864,3.815,3.768,3.722,3.678,3.636,3.595,3.556,3.518,
TTO,Latin America & Caribbean,High income,Trinidad and Tobago,3.284,3.281,3.261,3.218,3.151,3.06,2.949,2.827,2.7,2.574,2.453,2.339,2.231,2.131,2.04,1.961,1.896,1.843,1.801,1.772,1.753,1.744,1.744,1.749,1.758,1.769,1.78,1.79,1.799,1.804,1.806,1.804,1.799,1.79,1.78,1.767,1.753,1.739,1.725,1.711,
TUN,Middle East & North Africa,Lower middle income,Tunisia,5.243,5.078,4.915,4.752,4.59,4.425,4.252,4.07,3.878,3.678,3.476,3.276,3.085,2.907,2.747,2.606,2.485,2.379,2.287,2.208,2.142,2.088,2.046,2.016,1.997,1.991,1.999,2.02,2.054,2.095,2.14,2.182,2.216,2.24,2.252,2.251,2.238,2.219,2.197,2.174,
TUR,Europe & Central Asia,Upper middle income,Turkey,4.405,4.282,4.155,4.021,3.883,3.741,3.598,3.461,3.331,3.213,3.107,3.016,2.937,2.868,2.809,2.755,2.705,2.657,2.607,2.556,2.503,2.451,2.4,2.353,2.31,2.273,2.24,2.213,2.189,2.168,2.151,2.137,2.126,2.117,2.109,2.101,2.092,2.081,2.069,2.055,
TKM,Europe & Central Asia,Upper middle income,Turkmenistan,5.17,5.022,4.895,4.791,4.711,4.65,4.603,4.557,4.504,4.436,4.344,4.222,4.071,3.898,3.707,3.512,3.323,3.154,3.013,2.903,2.824,2.77,2.73,2.698,2.671,2.654,2.653,2.672,2.712,2.769,2.833,2.892,2.936,2.958,2.956,2.93,2.887,2.836,2.786,2.74,
TCA,Latin America & Caribbean,High income,Turks and Caicos Islands,,,,,,,,,,,,,,,,,,,,,,,,,,,,,,,,,,,,,,,,,
TUV,East Asia & Pacific,Upper middle income,Tuvalu,,,,,,,,,,,,,,,,,,,,,,,,,,,,,,,,,,,,,,,,,
UGA,Sub-Saharan Africa,Low income,Uganda,7.1,7.101,7.101,7.102,7.103,7.103,7.103,7.102,7.1,7.097,7.091,7.082,7.071,7.057,7.039,7.018,6.994,6.967,6.937,6.903,6.866,6.823,6.776,6.723,6.662,6.594,6.516,6.429,6.333,6.227,6.111,5.983,5.845,5.699,5.547,5.394,5.242,5.095,4.955,4.824,
UKR,Europe & Central Asia,Lower middle income,Ukraine,1.95,1.93,1.98,2.08,2.09,2.06,2.08,2.05,2.02,1.92,1.85,1.776,1.674,1.562,1.468,1.398,1.335,1.272,1.211,1.127,1.116,1.078,1.095,1.172,1.218,1.213,1.31,1.345,1.458,1.473,1.443,1.459,1.531,1.506,1.498,1.506,1.466,1.374,1.301,1.228,
ARE,Middle East & North Africa,High income,United Arab Emirates,5.505,5.422,5.35,5.283,5.215,5.139,5.047,4.934,4.797,4.636,4.454,4.253,4.041,3.827,3.618,3.418,3.232,3.062,2.907,2.768,2.644,2.533,2.432,2.337,2.247,2.161,2.081,2.006,1.939,1.877,1.819,1.763,1.708,1.651,1.595,1.541,1.491,1.448,1.413,1.387,
GBR,Europe & Central Asia,High income,United Kingdom,1.9,1.82,1.78,1.77,1.77,1.79,1.78,1.81,1.82,1.79,1.83,1.82,1.79,1.76,1.74,1.71,1.73,1.72,1.71,1.68,1.64,1.63,1.63,1.7,1.75,1.76,1.82,1.86,1.91,1.89,1.92,1.91,1.92,1.83,1.81,1.8,1.79,1.74,1.68,1.65,
USA,North America,High income,United States,1.8395,1.812,1.8275,1.799,1.8065,1.844,1.8375,1.872,1.934,2.014,2.081,2.0625,2.046,2.0195,2.0015,1.978,1.976,1.971,1.999,2.0075,2.056,2.0305,2.0205,2.0475,2.0515,2.057,2.108,2.12,2.072,2.002,1.931,1.8945,1.8805,1.8575,1.8625,1.8435,1.8205,1.7655,1.7295,1.705,
URY,Latin America & Caribbean,High income,Uruguay,2.726,2.666,2.615,2.574,2.546,2.53,2.524,2.524,2.525,2.525,2.52,2.509,2.491,2.466,2.436,2.401,2.364,2.328,2.295,2.265,2.237,2.211,2.184,2.156,2.126,2.097,2.07,2.048,2.03,2.018,2.011,2.008,2.006,2.004,2.002,1.997,1.991,1.983,1.973,1.963,
UZB,Europe & Central Asia,Lower middle income,Uzbekistan,5.112,4.984,4.868,4.763,4.669,4.585,4.509,4.5,4.28,4.179,4.072,4.199,4.004,3.8,3.537,3.596,3.32,3.082,2.815,2.72,2.58,2.46,2.52,2.36,2.46,2.36,2.39,2.554,2.637,2.53,2.342,2.236,2.193,2.35,2.457,2.491,2.455,2.419,2.604,2.785,
VUT,East Asia & Pacific,Lower middle income,Vanuatu,5.575,5.503,5.43,5.356,5.282,5.209,5.141,5.078,5.022,4.971,4.926,4.883,4.841,4.798,4.754,4.708,4.662,4.616,4.573,4.531,4.492,4.454,4.416,4.378,4.34,4.301,4.261,4.221,4.18,4.14,4.1,4.06,4.019,3.979,3.939,3.898,3.859,3.82,3.782,3.744,
VEN,Latin America & Caribbean,Upper middle income,"Venezuela, RB",4.2,4.104,4.014,3.933,3.861,3.794,3.73,3.665,3.597,3.524,3.448,3.37,3.292,3.218,3.147,3.082,3.022,2.967,2.915,2.867,2.822,2.779,2.739,2.701,2.664,2.629,2.595,2.562,2.53,2.5,2.471,2.444,2.417,2.39,2.365,2.34,2.317,2.294,2.272,2.25,
VNM,East Asia & Pacific,Lower middle income,Vietnam,5.046,4.865,4.691,4.521,4.359,4.205,4.062,3.929,3.802,3.68,3.553,3.415,3.26,3.089,2.904,2.714,2.529,2.359,2.213,2.096,2.01,1.954,1.92,1.901,1.894,1.894,1.899,1.907,1.918,1.928,1.938,1.949,1.962,1.978,1.996,2.014,2.03,2.042,2.049,2.05,
VIR,Latin America & Caribbean,High income,Virgin Islands (U.S.),3.138,3.053,3,2.973,2.967,2.973,2.986,2.997,2.999,2.987,2.954,2.895,2.812,2.712,2.599,2.481,2.367,2.266,2.185,2.129,2.06,1.9,2.21,2.07,2.17,2.24,2.03,2.51,2.44,2.37,2.3,2.16,2.06,2.08,2.09,2.11,2.09,2.08,2.06,2.05,
PSE,Middle East & North Africa,Lower middle income,West Bank and Gaza,,,,,,,,,,,6.718,6.674,6.607,6.515,6.396,6.251,6.085,5.907,5.727,5.55,5.383,5.231,5.094,4.973,4.867,4.776,4.699,4.631,4.567,4.504,4.437,4.36,4.272,4.174,4.067,3.955,3.844,3.738,3.643,3.56,
YEM,Middle East & North Africa,Lower middle income,"Yemen, Rep.",8.71,8.752,8.793,8.828,8.853,8.864,8.858,8.833,8.786,8.713,8.606,8.459,8.272,8.048,7.795,7.525,7.251,6.986,6.738,6.514,6.313,6.13,5.954,5.778,5.601,5.425,5.253,5.09,4.94,4.801,4.674,4.554,4.439,4.326,4.214,4.103,3.994,3.89,3.792,3.7,
ZMB,Sub-Saharan Africa,Lower middle income,Zambia,7.087,7.017,6.946,6.877,6.81,6.746,6.685,6.624,6.563,6.502,6.442,6.384,6.329,6.278,6.231,6.189,6.153,6.121,6.093,6.065,6.036,6.003,5.963,5.915,5.859,5.794,5.724,5.65,5.574,5.496,5.415,5.328,5.233,5.132,5.026,4.918,4.814,4.718,4.633,4.559,
ZWE,Sub-Saharan Africa,Low income,Zimbabwe,6.865,6.663,6.451,6.24,6.034,5.836,5.642,5.448,5.252,5.055,4.862,4.676,4.503,4.346,4.207,4.088,3.989,3.907,3.839,3.786,3.748,3.725,3.718,3.725,3.744,3.775,3.819,3.873,3.931,3.988,4.034,4.059,4.058,4.03,3.974,3.896,3.804,3.707,3.615,3.531,
